3ef0e6bf-1d9c-443a-8553-11f3046d3d08	BASETENANT	LC_FIRE_NOC_MODULE	access.UIActions	{"code": "LC_FIRE_NOC_MODULE", "type": "MODULE", "leftIcon": "LocalFireDepartment", "metadata": {"uiServiceId": "fire_noc", "certificateTypeCode": "fire-noc"}, "displayName": "Fire NOC", "orderNumber": 20, "serviceCode": "LICENSE_CERTIFICATE", "parentModule": "LC_ROOT_MODULE", "navigationURL": ""}	t	certificate-service	certificate-service	1788159479212	1788159479212
ad8981fb-d7fb-4f96-9dea-4dead6782ebc	BASETENANT	LC_FIRE_NOC_INBOX	access.UIActions	{"code": "LC_FIRE_NOC_INBOX", "type": "LINK", "leftIcon": "AllInbox", "metadata": {"uiServiceId": "fire_noc", "certificateTypeCode": "fire-noc"}, "displayName": "Review Applications", "orderNumber": 1, "serviceCode": "LICENSE_CERTIFICATE", "parentModule": "LC_FIRE_NOC_MODULE", "navigationURL": "/inbox?serviceId=fire_noc"}	t	certificate-service	certificate-service	1788159479223	1788159479223
f7cb753a-d4c8-4dc4-8c42-97c10a3d149b	BASETENANT	LC_FIRE_NOC_SEARCH	access.UIActions	{"code": "LC_FIRE_NOC_SEARCH", "type": "LINK", "leftIcon": "Search", "metadata": {"uiServiceId": "fire_noc", "certificateTypeCode": "fire-noc"}, "displayName": "Search", "orderNumber": 2, "serviceCode": "LICENSE_CERTIFICATE", "parentModule": "LC_FIRE_NOC_MODULE", "navigationURL": "/search?serviceId=fire_noc"}	t	certificate-service	certificate-service	1788159479312	1788159479312
685871bd-955e-44d8-8cf8-aeec90977191	BASETENANT	LC_FIRE_NOC_APPLY	access.UIActions	{"code": "LC_FIRE_NOC_APPLY", "type": "ACTION", "leftIcon": "ManageUsers", "metadata": {"uiServiceId": "fire_noc", "certificateTypeCode": "fire-noc"}, "displayName": "Apply on behalf of citizen", "orderNumber": 3, "serviceCode": "LICENSE_CERTIFICATE", "parentModule": "LC_FIRE_NOC_MODULE", "navigationURL": "/apply/fire_noc"}	t	certificate-service	certificate-service	1788159479323	1788159479323
601883b6-2f81-4633-832e-d305ff78e1d0	BASETENANT	certificate-types#dashboard-view::LC_TRADE_LICENSE_REPORTS	access.PermissionActions	{"actionCode": "LC_TRADE_LICENSE_REPORTS", "mappingKey": "certificate-types#dashboard-view::LC_TRADE_LICENSE_REPORTS", "permissionCode": "certificate-types#dashboard-view"}	t	certificate-service	certificate-service	1788159479416	1788159479416
04eb93e8-a444-44b9-af2a-249118a37572	BASETENANT	certificates-by-type#get::LC_TRADE_LICENSE_MODULE	access.PermissionActions	{"actionCode": "LC_TRADE_LICENSE_MODULE", "mappingKey": "certificates-by-type#get::LC_TRADE_LICENSE_MODULE", "permissionCode": "certificates-by-type#get"}	t	certificate-service	certificate-service	1788159479512	1788159479512
d2b79251-0c77-4a7e-b136-e1c5178fed56	BASETENANT	certificates-by-type#get::LC_TRADE_LICENSE_INBOX	access.PermissionActions	{"actionCode": "LC_TRADE_LICENSE_INBOX", "mappingKey": "certificates-by-type#get::LC_TRADE_LICENSE_INBOX", "permissionCode": "certificates-by-type#get"}	t	certificate-service	certificate-service	1788159479610	1788159479610
15ae93db-6aab-4ebe-a471-a68ce52eb1d2	BASETENANT	certificates-by-type#get::LC_TRADE_LICENSE_SEARCH	access.PermissionActions	{"actionCode": "LC_TRADE_LICENSE_SEARCH", "mappingKey": "certificates-by-type#get::LC_TRADE_LICENSE_SEARCH", "permissionCode": "certificates-by-type#get"}	t	certificate-service	certificate-service	1788159479711	1788159479711
9afe9b56-1267-44ca-9617-d39bcda57578	BASETENANT	certificates-by-type#post::LC_TRADE_LICENSE_APPLY	access.PermissionActions	{"actionCode": "LC_TRADE_LICENSE_APPLY", "mappingKey": "certificates-by-type#post::LC_TRADE_LICENSE_APPLY", "permissionCode": "certificates-by-type#post"}	t	certificate-service	certificate-service	1788159479723	1788159479723
e08579f8-332f-4a57-baca-9566752ec6fd	BASETENANT	certificates-by-type#get::LC_FIRE_NOC_MODULE	access.PermissionActions	{"actionCode": "LC_FIRE_NOC_MODULE", "mappingKey": "certificates-by-type#get::LC_FIRE_NOC_MODULE", "permissionCode": "certificates-by-type#get"}	t	certificate-service	certificate-service	1788159479811	1788159479811
f6398f7c-339a-4daa-b7f9-8a4d96405407	BASETENANT	certificates-by-type#get::LC_FIRE_NOC_INBOX	access.PermissionActions	{"actionCode": "LC_FIRE_NOC_INBOX", "mappingKey": "certificates-by-type#get::LC_FIRE_NOC_INBOX", "permissionCode": "certificates-by-type#get"}	t	certificate-service	certificate-service	1788159479823	1788159479823
9c2978fc-62b6-46cf-9035-4c47fd682a82	BASETENANT	certificates-by-type#get::LC_FIRE_NOC_SEARCH	access.PermissionActions	{"actionCode": "LC_FIRE_NOC_SEARCH", "mappingKey": "certificates-by-type#get::LC_FIRE_NOC_SEARCH", "permissionCode": "certificates-by-type#get"}	t	certificate-service	certificate-service	1788159479915	1788159479915
b00d3421-867a-427e-85d5-7c25712eed92	BASETENANT	certificates-by-type#post::LC_FIRE_NOC_APPLY	access.PermissionActions	{"actionCode": "LC_FIRE_NOC_APPLY", "mappingKey": "certificates-by-type#post::LC_FIRE_NOC_APPLY", "permissionCode": "certificates-by-type#post"}	t	certificate-service	certificate-service	1788159480016	1788159480016
22f77023-fa0b-4c4d-a572-1531e8a21d8f	BASETENANT	LC_ROOT_MODULE	access.UIActions	{"code": "LC_ROOT_MODULE", "type": "MODULE", "leftIcon": "Business", "displayName": "License & Certificate", "orderNumber": 1, "serviceCode": "LICENSE_CERTIFICATE", "parentModule": null, "navigationURL": ""}	t	certificate-service	certificate-service	1788159478814	1788159478814
cdef74ef-2088-45af-987d-66d8bf16cbca	BASETENANT	LC_HOME	access.UIActions	{"code": "LC_HOME", "type": "LINK", "leftIcon": "Home", "displayName": "Home Screen", "orderNumber": 1, "serviceCode": "LICENSE_CERTIFICATE", "parentModule": "LC_ROOT_MODULE", "navigationURL": "/dashboard"}	t	certificate-service	certificate-service	1788159478824	1788159478824
5e90c64b-3c11-4b28-83e0-6f1b176e714b	BASETENANT	LC_TRADE_LICENSE_MODULE	access.UIActions	{"code": "LC_TRADE_LICENSE_MODULE", "type": "MODULE", "leftIcon": "Business", "metadata": {"uiServiceId": "business_license", "certificateTypeCode": "trade-license"}, "displayName": "Business License", "orderNumber": 10, "serviceCode": "LICENSE_CERTIFICATE", "parentModule": "LC_ROOT_MODULE", "navigationURL": ""}	t	certificate-service	certificate-service	1788159478911	1788159478911
9c424719-5e86-4730-b6cf-553dffb430ed	BASETENANT	LC_TRADE_LICENSE_REPORTS	access.UIActions	{"code": "LC_TRADE_LICENSE_REPORTS", "type": "LINK", "leftIcon": "Dashboard", "metadata": {"uiServiceId": "business_license", "certificateTypeCode": "trade-license"}, "displayName": "Dashboard", "orderNumber": 1, "serviceCode": "LICENSE_CERTIFICATE", "parentModule": "LC_TRADE_LICENSE_MODULE", "navigationURL": "/reports"}	t	certificate-service	certificate-service	1788159478923	1788159478923
00411e63-bbf0-4ba1-ac44-f41e01209943	BASETENANT	LC_TRADE_LICENSE_INBOX	access.UIActions	{"code": "LC_TRADE_LICENSE_INBOX", "type": "LINK", "leftIcon": "AllInbox", "metadata": {"uiServiceId": "business_license", "certificateTypeCode": "trade-license"}, "displayName": "Review Applications", "orderNumber": 2, "serviceCode": "LICENSE_CERTIFICATE", "parentModule": "LC_TRADE_LICENSE_MODULE", "navigationURL": "/inbox?serviceId=business_license"}	t	certificate-service	certificate-service	1788159479012	1788159479012
b260c2de-551f-4592-a890-95bf1d047cbf	BASETENANT	LC_TRADE_LICENSE_SEARCH	access.UIActions	{"code": "LC_TRADE_LICENSE_SEARCH", "type": "LINK", "leftIcon": "Search", "metadata": {"uiServiceId": "business_license", "certificateTypeCode": "trade-license"}, "displayName": "Search", "orderNumber": 3, "serviceCode": "LICENSE_CERTIFICATE", "parentModule": "LC_TRADE_LICENSE_MODULE", "navigationURL": "/search?serviceId=business_license"}	t	certificate-service	certificate-service	1788159479111	1788159479111
f4392d16-290f-483d-9699-f607949d6e5f	BASETENANT	LC_TRADE_LICENSE_APPLY	access.UIActions	{"code": "LC_TRADE_LICENSE_APPLY", "type": "ACTION", "leftIcon": "ManageUsers", "metadata": {"uiServiceId": "business_license", "certificateTypeCode": "trade-license"}, "displayName": "Apply on behalf of citizen", "orderNumber": 4, "serviceCode": "LICENSE_CERTIFICATE", "parentModule": "LC_TRADE_LICENSE_MODULE", "navigationURL": "/apply/BUSINESS_LICENSE"}	t	certificate-service	certificate-service	1788159479123	1788159479123
5e46cd19-a722-4d21-af32-7d8562055798	BASETENANT	teal	common-masters.Theme	{"themeCode": "teal", "themeName": "Teal", "variables": {"alertError": "#b91900", "textPrimary": "#1e1b4b", "alertSuccess": "#00703c", "alertWarning": "#9e5f00", "paperPrimary": "#ffffff", "primaryColor": "#0f766e", "textDisabled": "#c5c5c5", "textSecondary": "#6b7280", "fontFamilySans": "Roboto", "genericDivider": "#d6d5d4", "paperSecondary": "#fafafa", "fontStylesheetUrl": "https://fonts.googleapis.com/css2?family=Roboto+Condensed:wght@400;500;700&family=Roboto:wght@400;500;700&display=swap", "fontFamilyCondensed": "Roboto Condensed", "alertErrorBackground": "#fff5f4", "primaryColorSecondary": "#0d9488", "alertSuccessBackground": "#f1fff8", "alertWarningBackground": "#fff9f0"}}	t	certificate-service	certificate-service	1788159469462	1788159469462
615c7e0f-0449-47a6-b74a-b98063a9f83e	BASETENANT	indigo	common-masters.Theme	{"themeCode": "indigo", "themeName": "Indigo", "variables": {"alertError": "#b91900", "textPrimary": "#181542", "alertSuccess": "#00703c", "alertWarning": "#9e5f00", "paperPrimary": "#ffffff", "primaryColor": "#4338ca", "textDisabled": "#c7c7cf", "textSecondary": "#64748b", "fontFamilySans": "Inter", "genericDivider": "#dcdbe8", "paperSecondary": "#f8f8fc", "fontStylesheetUrl": "https://fonts.googleapis.com/css2?family=Inter+Tight:wght@400;500;700&family=Inter:wght@400;500;700&display=swap", "fontFamilyCondensed": "Inter Tight", "alertErrorBackground": "#fff5f4", "primaryColorSecondary": "#4f46e5", "alertSuccessBackground": "#f1fff8", "alertWarningBackground": "#fff9f0"}}	t	certificate-service	certificate-service	1788159469479	1788159469479
e23f676e-a91f-4951-994e-3202bc24a39b	BASETENANT	terracotta	common-masters.Theme	{"themeCode": "terracotta", "themeName": "Terracotta", "variables": {"alertError": "#b91900", "textPrimary": "#451a03", "alertSuccess": "#00703c", "alertWarning": "#9e5f00", "paperPrimary": "#ffffff", "primaryColor": "#c2410c", "textDisabled": "#d6d3d1", "textSecondary": "#78716c", "fontFamilySans": "Work Sans", "genericDivider": "#e7ddd6", "paperSecondary": "#fdf8f5", "fontStylesheetUrl": "https://fonts.googleapis.com/css2?family=Barlow+Condensed:wght@400;500;700&family=Work+Sans:wght@400;500;700&display=swap", "fontFamilyCondensed": "Barlow Condensed", "alertErrorBackground": "#fff5f4", "primaryColorSecondary": "#ea580c", "alertSuccessBackground": "#f1fff8", "alertWarningBackground": "#fff9f0"}}	t	certificate-service	certificate-service	1788159469516	1788159469516
8ed3b073-0d42-4ee2-a77d-2c2459ec3e14	BASETENANT	maroon	common-masters.Theme	{"themeCode": "maroon", "themeName": "Maroon", "variables": {"alertError": "#b91900", "textPrimary": "#2a0a14", "alertSuccess": "#00703c", "alertWarning": "#9e5f00", "paperPrimary": "#ffffff", "primaryColor": "#9f1239", "textDisabled": "#d4d4d8", "textSecondary": "#71717a", "fontFamilySans": "Merriweather", "genericDivider": "#e8d7db", "paperSecondary": "#fdf6f7", "fontStylesheetUrl": "https://fonts.googleapis.com/css2?family=PT+Sans+Narrow:wght@400;700&family=Merriweather:wght@400;700;900&display=swap", "fontFamilyCondensed": "PT Sans Narrow", "alertErrorBackground": "#fff5f4", "primaryColorSecondary": "#be123c", "alertSuccessBackground": "#f1fff8", "alertWarningBackground": "#fff9f0"}}	t	certificate-service	certificate-service	1788159469617	1788159469617
d84eb308-9af1-4c65-b9e3-809ae24e753b	BASETENANT	slate	common-masters.Theme	{"themeCode": "slate", "themeName": "Slate Graphite", "variables": {"alertError": "#b91900", "textPrimary": "#0f172a", "alertSuccess": "#00703c", "alertWarning": "#9e5f00", "paperPrimary": "#ffffff", "primaryColor": "#334155", "textDisabled": "#cbd5e1", "textSecondary": "#64748b", "fontFamilySans": "IBM Plex Sans", "genericDivider": "#e2e8f0", "paperSecondary": "#f8fafc", "fontStylesheetUrl": "https://fonts.googleapis.com/css2?family=IBM+Plex+Sans+Condensed:wght@400;500;700&family=IBM+Plex+Sans:wght@400;500;700&display=swap", "fontFamilyCondensed": "IBM Plex Sans Condensed", "alertErrorBackground": "#fff5f4", "primaryColorSecondary": "#475569", "alertSuccessBackground": "#f1fff8", "alertWarningBackground": "#fff9f0"}}	t	certificate-service	certificate-service	1788159469711	1788159469711
